count,keyword
1.0,544
0.9954545454545455,648
0.818939393939394,204
0.7272727272727273,629
0.6848484848484848,112
0.4810606060606061,416
0.43863636363636366,2036
0.41515151515151516,185
0.4083333333333334,486
0.38333333333333336,583
0.2477272727272727,1900
0.2446969696969697,58
0.2265151515151515,499
0.22348484848484848,1962
0.22348484848484848,429
0.21212121212121213,477
0.19999999999999998,567
0.19166666666666665,376
0.18181818181818182,610
0.17727272727272728,1783
0.17727272727272728,564
0.16515151515151516,2300
0.16287878787878787,151
0.15984848484848485,2185
0.15984848484848485,310
0.15378787878787878,333
0.15151515151515152,818
0.14848484848484847,1690
0.14242424242424243,613
0.13939393939393938,751
0.13106060606060604,2494
0.13106060606060604,219
0.1303030303030303,306
0.12803030303030302,361
0.12348484848484848,360
0.12196969696969696,2053
0.11363636363636363,501
0.10681818181818181,633
0.10454545454545454,455
0.10227272727272727,939
0.09772727272727272,619
0.09696969696969697,1697
0.09242424242424242,1485
0.09015151515151515,399
0.08181818181818182,519
0.08106060606060606,221
0.08030303030303029,503
0.07954545454545454,515
0.07803030303030302,697
0.07424242424242423,1389
0.07121212121212121,484
0.06818181818181818,70
0.0659090909090909,557
0.06439393939393939,1504
0.06439393939393939,1321
0.06439393939393939,855
0.06363636363636363,560
0.06287878787878787,554
0.05909090909090909,187
0.05757575757575758,255
0.055303030303030305,496
0.05454545454545455,516
0.052272727272727276,2186
0.052272727272727276,2038
0.05075757575757576,2371
0.04924242424242425,2090
0.045454545454545456,2191
0.045454545454545456,543
0.0446969696969697,190
0.0446969696969697,172
0.04318181818181818,2193
0.04166666666666667,2516
0.04015151515151515,467
0.04015151515151515,311
0.04015151515151515,115
0.0393939393939394,2486
0.0393939393939394,1471
0.03787878787878788,1544
0.03787878787878788,1043
0.03787878787878788,614
0.037121212121212124,351
0.03636363636363637,662
0.03636363636363637,545
0.03636363636363637,414
0.03636363636363637,309
0.03484848484848485,214
0.03333333333333333,2351
0.03333333333333333,643
0.03333333333333333,529
0.03257575757575758,2189
0.03257575757575758,347
0.03181818181818182,2387
0.03181818181818182,585
0.0303030303030303,1644
0.0303030303030303,439
0.0303030303030303,113
0.029545454545454545,584
0.028787878787878786,856
0.028787878787878786,220
0.02803030303030303,1738
0.02803030303030303,1061
0.02803030303030303,983
0.02803030303030303,229
0.026515151515151512,808
0.026515151515151512,156
0.025757575757575757,295
0.024999999999999998,1758
0.024999999999999998,391
0.024999999999999998,222
0.024999999999999998,152
0.024242424242424242,755
0.024242424242424242,421
0.024242424242424242,420
0.024242424242424242,308
0.024242424242424242,96
0.023484848484848483,2507
0.023484848484848483,1955
0.023484848484848483,904
0.023484848484848483,744
0.023484848484848483,318
0.022727272727272724,1118
0.02196969696969697,1959
0.02196969696969697,450
0.02121212121212121,1506
0.02121212121212121,1278
0.02121212121212121,940
0.02121212121212121,896
0.02121212121212121,798
0.02121212121212121,638
0.02121212121212121,400
0.02121212121212121,389
0.02121212121212121,192
0.020454545454545454,88
0.019696969696969695,2495
0.019696969696969695,2347
0.019696969696969695,457
0.019696969696969695,330
0.019696969696969695,300
0.019696969696969695,134
0.018939393939393936,2513
0.018939393939393936,2293
0.018939393939393936,1295
0.018939393939393936,911
0.018939393939393936,329
0.018939393939393936,175
0.018939393939393936,136
0.01818181818181818,541
0.01818181818181818,500
0.01818181818181818,387
0.01818181818181818,198
0.017424242424242422,2469
0.017424242424242422,2159
0.017424242424242422,2054
0.017424242424242422,437
0.016666666666666666,1960
0.016666666666666666,1779
0.016666666666666666,1659
0.015909090909090907,1160
0.015909090909090907,658
0.015909090909090907,630
0.015909090909090907,581
0.015909090909090907,357
0.015909090909090907,274
0.015909090909090907,114
0.01515151515151515,2557
0.01515151515151515,2248
0.01515151515151515,2218
0.01515151515151515,2122
0.01515151515151515,1676
0.01515151515151515,889
0.01515151515151515,632
0.01515151515151515,448
0.01515151515151515,189
0.01515151515151515,59
0.014393939393939395,1152
0.014393939393939395,542
0.014393939393939395,176
0.014393939393939395,162
0.013636363636363637,2349
0.013636363636363637,1623
0.013636363636363637,1310
0.013636363636363637,1109
0.013636363636363637,941
0.013636363636363637,441
0.012878787878787878,2515
0.012878787878787878,2156
0.012878787878787878,1909
0.012878787878787878,1903
0.012878787878787878,1861
0.012878787878787878,637
0.012878787878787878,397
0.012878787878787878,76
0.012121212121212121,2615
0.012121212121212121,2504
0.012121212121212121,2426
0.012121212121212121,846
0.011363636363636364,2609
0.011363636363636364,1974
0.011363636363636364,1641
0.011363636363636364,1553
0.011363636363636364,635
0.011363636363636364,482
0.011363636363636364,459
0.011363636363636364,432
0.011363636363636364,419
0.010606060606060607,2563
0.010606060606060607,2192
0.010606060606060607,2187
0.010606060606060607,1831
0.010606060606060607,507
0.010606060606060607,344
0.00984848484848485,2295
0.00984848484848485,1412
0.00984848484848485,848
0.00984848484848485,770
0.00984848484848485,698
0.00984848484848485,601
0.00984848484848485,600
0.00984848484848485,598
0.00984848484848485,521
0.00984848484848485,469
0.00984848484848485,249
0.00984848484848485,154
0.00909090909090909,2474
0.00909090909090909,2388
0.00909090909090909,2213
0.00909090909090909,2020
0.00909090909090909,1845
0.00909090909090909,1840
0.00909090909090909,1433
0.00909090909090909,1329
0.00909090909090909,953
0.00909090909090909,831
0.00909090909090909,609
0.00909090909090909,86
0.00909090909090909,40
0.008333333333333333,2520
0.008333333333333333,2518
0.008333333333333333,2489
0.008333333333333333,2033
0.008333333333333333,1726
0.008333333333333333,1392
0.008333333333333333,821
0.008333333333333333,563
0.008333333333333333,537
0.008333333333333333,479
0.008333333333333333,348
0.008333333333333333,149
0.008333333333333333,147
0.008333333333333333,144
0.008333333333333333,118
0.007575757575757576,2606
0.007575757575757576,2511
0.007575757575757576,2449
0.007575757575757576,2166
0.007575757575757576,2041
0.007575757575757576,2039
0.007575757575757576,2014
0.007575757575757576,1488
0.007575757575757576,1323
0.007575757575757576,1180
0.007575757575757576,985
0.007575757575757576,984
0.007575757575757576,849
0.007575757575757576,753
0.007575757575757576,641
0.007575757575757576,606
0.007575757575757576,586
0.007575757575757576,565
0.007575757575757576,526
0.007575757575757576,506
0.007575757575757576,498
0.007575757575757576,483
0.007575757575757576,401
0.007575757575757576,290
0.007575757575757576,206
0.007575757575757576,139
0.006818181818181819,2562
0.006818181818181819,2350
0.006818181818181819,2301
0.006818181818181819,2072
0.006818181818181819,2031
0.006818181818181819,1993
0.006818181818181819,1980
0.006818181818181819,1957
0.006818181818181819,1908
0.006818181818181819,1875
0.006818181818181819,1646
0.006818181818181819,1554
0.006818181818181819,1513
0.006818181818181819,1479
0.006818181818181819,996
0.006818181818181819,789
0.006818181818181819,689
0.006818181818181819,661
0.006818181818181819,616
0.006818181818181819,571
0.006818181818181819,434
0.006818181818181819,276
0.006818181818181819,178
0.006818181818181819,132
0.006818181818181819,81
0.006818181818181819,39
0.006060606060606061,2502
0.006060606060606061,2488
0.006060606060606061,2448
0.006060606060606061,2447
0.006060606060606061,2445
0.006060606060606061,2261
0.006060606060606061,2137
0.006060606060606061,2062
0.006060606060606061,2061
0.006060606060606061,1949
0.006060606060606061,1808
0.006060606060606061,1730
0.006060606060606061,1512
0.006060606060606061,1477
0.006060606060606061,1460
0.006060606060606061,1383
0.006060606060606061,1338
0.006060606060606061,1217
0.006060606060606061,640
0.006060606060606061,481
0.006060606060606061,385
0.006060606060606061,354
0.006060606060606061,336
0.006060606060606061,323
0.006060606060606061,280
0.006060606060606061,256
0.006060606060606061,230
0.006060606060606061,193
0.006060606060606061,126
0.006060606060606061,111
0.006060606060606061,14
0.005303030303030303,2605
0.005303030303030303,2564
0.005303030303030303,2512
0.005303030303030303,2493
0.005303030303030303,2399
0.005303030303030303,2321
0.005303030303030303,2312
0.005303030303030303,2240
0.005303030303030303,2231
0.005303030303030303,1944
0.005303030303030303,1786
0.005303030303030303,1645
0.005303030303030303,1601
0.005303030303030303,1586
0.005303030303030303,1508
0.005303030303030303,1404
0.005303030303030303,1282
0.005303030303030303,1210
0.005303030303030303,1082
0.005303030303030303,724
0.005303030303030303,683
0.005303030303030303,649
0.005303030303030303,611
0.005303030303030303,588
0.005303030303030303,575
0.005303030303030303,573
0.005303030303030303,546
0.005303030303030303,454
0.005303030303030303,334
0.005303030303030303,284
0.005303030303030303,98
0.004545454545454546,2570
0.004545454545454546,2556
0.004545454545454546,2485
0.004545454545454546,2471
0.004545454545454546,2431
0.004545454545454546,2332
0.004545454545454546,2288
0.004545454545454546,2264
0.004545454545454546,2164
0.004545454545454546,2139
0.004545454545454546,2118
0.004545454545454546,2112
0.004545454545454546,2016
0.004545454545454546,1902
0.004545454545454546,1744
0.004545454545454546,1599
0.004545454545454546,1596
0.004545454545454546,1507
0.004545454545454546,1505
0.004545454545454546,1476
0.004545454545454546,1405
0.004545454545454546,1375
0.004545454545454546,1322
0.004545454545454546,1218
0.004545454545454546,1107
0.004545454545454546,1104
0.004545454545454546,1039
0.004545454545454546,882
0.004545454545454546,656
0.004545454545454546,652
0.004545454545454546,576
0.004545454545454546,510
0.004545454545454546,356
0.004545454545454546,297
0.004545454545454546,237
0.004545454545454546,228
0.004545454545454546,159
0.004545454545454546,157
0.004545454545454546,145
0.004545454545454546,138
0.004545454545454546,80
0.004545454545454546,73
0.004545454545454546,46
0.004545454545454546,44
0.004545454545454546,4
0.0037878787878787876,2524
0.0037878787878787876,2492
0.0037878787878787876,2458
0.0037878787878787876,2398
0.0037878787878787876,2207
0.0037878787878787876,2089
0.0037878787878787876,1995
0.0037878787878787876,1928
0.0037878787878787876,1916
0.0037878787878787876,1880
0.0037878787878787876,1820
0.0037878787878787876,1787
0.0037878787878787876,1784
0.0037878787878787876,1781
0.0037878787878787876,1660
0.0037878787878787876,1564
0.0037878787878787876,1448
0.0037878787878787876,1434
0.0037878787878787876,1326
0.0037878787878787876,1285
0.0037878787878787876,1219
0.0037878787878787876,1159
0.0037878787878787876,1155
0.0037878787878787876,1135
0.0037878787878787876,1106
0.0037878787878787876,929
0.0037878787878787876,883
0.0037878787878787876,873
0.0037878787878787876,792
0.0037878787878787876,780
0.0037878787878787876,655
0.0037878787878787876,653
0.0037878787878787876,612
0.0037878787878787876,572
0.0037878787878787876,569
0.0037878787878787876,562
0.0037878787878787876,523
0.0037878787878787876,476
0.0037878787878787876,452
0.0037878787878787876,396
0.0037878787878787876,260
0.0037878787878787876,246
0.0037878787878787876,205
0.0037878787878787876,173
0.0037878787878787876,117
0.0037878787878787876,105
0.0037878787878787876,90
0.0037878787878787876,89
0.0037878787878787876,63
0.0037878787878787876,60
0.0030303030303030303,2604
0.0030303030303030303,2603
0.0030303030303030303,2560
0.0030303030303030303,2523
0.0030303030303030303,2510
0.0030303030303030303,2497
0.0030303030303030303,2440
0.0030303030303030303,2421
0.0030303030303030303,2401
0.0030303030303030303,2391
0.0030303030303030303,2374
0.0030303030303030303,2360
0.0030303030303030303,2322
0.0030303030303030303,2310
0.0030303030303030303,2249
0.0030303030303030303,2241
0.0030303030303030303,2110
0.0030303030303030303,2077
0.0030303030303030303,2046
0.0030303030303030303,2035
0.0030303030303030303,1997
0.0030303030303030303,1996
0.0030303030303030303,1966
0.0030303030303030303,1931
0.0030303030303030303,1922
0.0030303030303030303,1915
0.0030303030303030303,1907
0.0030303030303030303,1891
0.0030303030303030303,1874
0.0030303030303030303,1873
0.0030303030303030303,1864
0.0030303030303030303,1793
0.0030303030303030303,1768
0.0030303030303030303,1720
0.0030303030303030303,1698
0.0030303030303030303,1685
0.0030303030303030303,1684
0.0030303030303030303,1683
0.0030303030303030303,1682
0.0030303030303030303,1605
0.0030303030303030303,1604
0.0030303030303030303,1429
0.0030303030303030303,1409
0.0030303030303030303,1368
0.0030303030303030303,1273
0.0030303030303030303,1269
0.0030303030303030303,1195
0.0030303030303030303,1181
0.0030303030303030303,1158
0.0030303030303030303,1113
0.0030303030303030303,1074
0.0030303030303030303,1049
0.0030303030303030303,1028
0.0030303030303030303,946
0.0030303030303030303,944
0.0030303030303030303,932
0.0030303030303030303,892
0.0030303030303030303,819
0.0030303030303030303,795
0.0030303030303030303,774
0.0030303030303030303,750
0.0030303030303030303,684
0.0030303030303030303,657
0.0030303030303030303,644
0.0030303030303030303,597
0.0030303030303030303,528
0.0030303030303030303,525
0.0030303030303030303,494
0.0030303030303030303,445
0.0030303030303030303,415
0.0030303030303030303,324
0.0030303030303030303,322
0.0030303030303030303,312
0.0030303030303030303,279
0.0030303030303030303,277
0.0030303030303030303,272
0.0030303030303030303,269
0.0030303030303030303,262
0.0030303030303030303,218
0.0030303030303030303,177
0.0030303030303030303,160
0.0030303030303030303,142
0.0030303030303030303,135
0.0030303030303030303,128
0.0030303030303030303,104
0.0030303030303030303,85
0.0022727272727272726,2558
0.0022727272727272726,2514
0.0022727272727272726,2478
0.0022727272727272726,2465
0.0022727272727272726,2464
0.0022727272727272726,2459
0.0022727272727272726,2319
0.0022727272727272726,2302
0.0022727272727272726,2273
0.0022727272727272726,2258
0.0022727272727272726,2190
0.0022727272727272726,2188
0.0022727272727272726,2183
0.0022727272727272726,2178
0.0022727272727272726,2172
0.0022727272727272726,2120
0.0022727272727272726,2108
0.0022727272727272726,2076
0.0022727272727272726,2073
0.0022727272727272726,2066
0.0022727272727272726,2040
0.0022727272727272726,2021
0.0022727272727272726,1984
0.0022727272727272726,1956
0.0022727272727272726,1885
0.0022727272727272726,1846
0.0022727272727272726,1819
0.0022727272727272726,1816
0.0022727272727272726,1809
0.0022727272727272726,1804
0.0022727272727272726,1798
0.0022727272727272726,1780
0.0022727272727272726,1777
0.0022727272727272726,1759
0.0022727272727272726,1708
0.0022727272727272726,1651
0.0022727272727272726,1565
0.0022727272727272726,1525
0.0022727272727272726,1514
0.0022727272727272726,1489
0.0022727272727272726,1486
0.0022727272727272726,1472
0.0022727272727272726,1456
0.0022727272727272726,1428
0.0022727272727272726,1422
0.0022727272727272726,1415
0.0022727272727272726,1309
0.0022727272727272726,1301
0.0022727272727272726,1288
0.0022727272727272726,1252
0.0022727272727272726,1246
0.0022727272727272726,1244
0.0022727272727272726,1201
0.0022727272727272726,1189
0.0022727272727272726,1153
0.0022727272727272726,1124
0.0022727272727272726,1027
0.0022727272727272726,1022
0.0022727272727272726,1007
0.0022727272727272726,947
0.0022727272727272726,923
0.0022727272727272726,922
0.0022727272727272726,901
0.0022727272727272726,878
0.0022727272727272726,869
0.0022727272727272726,832
0.0022727272727272726,830
0.0022727272727272726,823
0.0022727272727272726,787
0.0022727272727272726,777
0.0022727272727272726,763
0.0022727272727272726,745
0.0022727272727272726,728
0.0022727272727272726,701
0.0022727272727272726,659
0.0022727272727272726,654
0.0022727272727272726,647
0.0022727272727272726,621
0.0022727272727272726,615
0.0022727272727272726,602
0.0022727272727272726,594
0.0022727272727272726,556
0.0022727272727272726,549
0.0022727272727272726,491
0.0022727272727272726,468
0.0022727272727272726,438
0.0022727272727272726,435
0.0022727272727272726,428
0.0022727272727272726,386
0.0022727272727272726,369
0.0022727272727272726,353
0.0022727272727272726,350
0.0022727272727272726,338
0.0022727272727272726,317
0.0022727272727272726,307
0.0022727272727272726,301
0.0022727272727272726,291
0.0022727272727272726,288
0.0022727272727272726,263
0.0022727272727272726,247
0.0022727272727272726,244
0.0022727272727272726,223
0.0022727272727272726,164
0.0022727272727272726,140
0.0022727272727272726,109
0.0022727272727272726,100
0.0022727272727272726,75
0.0022727272727272726,35
0.0022727272727272726,32
0.0022727272727272726,18
0.0022727272727272726,15
0.001515151515151515,2599
0.001515151515151515,2576
0.001515151515151515,2575
0.001515151515151515,2559
0.001515151515151515,2522
0.001515151515151515,2509
0.001515151515151515,2503
0.001515151515151515,2490
0.001515151515151515,2479
0.001515151515151515,2442
0.001515151515151515,2434
0.001515151515151515,2430
0.001515151515151515,2400
0.001515151515151515,2396
0.001515151515151515,2380
0.001515151515151515,2377
0.001515151515151515,2367
0.001515151515151515,2352
0.001515151515151515,2339
0.001515151515151515,2297
0.001515151515151515,2270
0.001515151515151515,2219
0.001515151515151515,2206
0.001515151515151515,2202
0.001515151515151515,2161
0.001515151515151515,2157
0.001515151515151515,2140
0.001515151515151515,2135
0.001515151515151515,2111
0.001515151515151515,2109
0.001515151515151515,2107
0.001515151515151515,2104
0.001515151515151515,2096
0.001515151515151515,2087
0.001515151515151515,2068
0.001515151515151515,2057
0.001515151515151515,2037
0.001515151515151515,2032
0.001515151515151515,2007
0.001515151515151515,1982
0.001515151515151515,1954
0.001515151515151515,1950
0.001515151515151515,1936
0.001515151515151515,1920
0.001515151515151515,1904
0.001515151515151515,1828
0.001515151515151515,1792
0.001515151515151515,1755
0.001515151515151515,1735
0.001515151515151515,1719
0.001515151515151515,1692
0.001515151515151515,1674
0.001515151515151515,1672
0.001515151515151515,1668
0.001515151515151515,1662
0.001515151515151515,1658
0.001515151515151515,1657
0.001515151515151515,1648
0.001515151515151515,1632
0.001515151515151515,1576
0.001515151515151515,1558
0.001515151515151515,1545
0.001515151515151515,1526
0.001515151515151515,1522
0.001515151515151515,1510
0.001515151515151515,1496
0.001515151515151515,1493
0.001515151515151515,1491
0.001515151515151515,1480
0.001515151515151515,1469
0.001515151515151515,1468
0.001515151515151515,1425
0.001515151515151515,1424
0.001515151515151515,1417
0.001515151515151515,1386
0.001515151515151515,1384
0.001515151515151515,1376
0.001515151515151515,1335
0.001515151515151515,1297
0.001515151515151515,1271
0.001515151515151515,1247
0.001515151515151515,1225
0.001515151515151515,1203
0.001515151515151515,1184
0.001515151515151515,1183
0.001515151515151515,1149
0.001515151515151515,1137
0.001515151515151515,1073
0.001515151515151515,1067
0.001515151515151515,1063
0.001515151515151515,1046
0.001515151515151515,1023
0.001515151515151515,1014
0.001515151515151515,999
0.001515151515151515,966
0.001515151515151515,942
0.001515151515151515,833
0.001515151515151515,826
0.001515151515151515,810
0.001515151515151515,791
0.001515151515151515,781
0.001515151515151515,778
0.001515151515151515,682
0.001515151515151515,669
0.001515151515151515,624
0.001515151515151515,595
0.001515151515151515,568
0.001515151515151515,559
0.001515151515151515,553
0.001515151515151515,522
0.001515151515151515,518
0.001515151515151515,504
0.001515151515151515,502
0.001515151515151515,470
0.001515151515151515,466
0.001515151515151515,460
0.001515151515151515,430
0.001515151515151515,423
0.001515151515151515,417
0.001515151515151515,382
0.001515151515151515,381
0.001515151515151515,378
0.001515151515151515,364
0.001515151515151515,349
0.001515151515151515,305
0.001515151515151515,294
0.001515151515151515,268
0.001515151515151515,266
0.001515151515151515,261
0.001515151515151515,254
0.001515151515151515,253
0.001515151515151515,250
0.001515151515151515,245
0.001515151515151515,240
0.001515151515151515,236
0.001515151515151515,232
0.001515151515151515,217
0.001515151515151515,210
0.001515151515151515,207
0.001515151515151515,179
0.001515151515151515,161
0.001515151515151515,137
0.001515151515151515,129
0.001515151515151515,119
0.001515151515151515,84
0.001515151515151515,74
0.001515151515151515,52
0.001515151515151515,48
0.001515151515151515,28
0.001515151515151515,27
0.001515151515151515,25
0.001515151515151515,3
0.0007575757575757576,2613
0.0007575757575757576,2610
0.0007575757575757576,2601
0.0007575757575757576,2593
0.0007575757575757576,2579
0.0007575757575757576,2561
0.0007575757575757576,2555
0.0007575757575757576,2554
0.0007575757575757576,2545
0.0007575757575757576,2539
0.0007575757575757576,2535
0.0007575757575757576,2527
0.0007575757575757576,2526
0.0007575757575757576,2521
0.0007575757575757576,2508
0.0007575757575757576,2505
0.0007575757575757576,2501
0.0007575757575757576,2466
0.0007575757575757576,2441
0.0007575757575757576,2438
0.0007575757575757576,2423
0.0007575757575757576,2419
0.0007575757575757576,2412
0.0007575757575757576,2410
0.0007575757575757576,2405
0.0007575757575757576,2397
0.0007575757575757576,2389
0.0007575757575757576,2386
0.0007575757575757576,2383
0.0007575757575757576,2370
0.0007575757575757576,2357
0.0007575757575757576,2354
0.0007575757575757576,2346
0.0007575757575757576,2343
0.0007575757575757576,2340
0.0007575757575757576,2331
0.0007575757575757576,2328
0.0007575757575757576,2327
0.0007575757575757576,2325
0.0007575757575757576,2315
0.0007575757575757576,2306
0.0007575757575757576,2296
0.0007575757575757576,2283
0.0007575757575757576,2260
0.0007575757575757576,2259
0.0007575757575757576,2256
0.0007575757575757576,2246
0.0007575757575757576,2242
0.0007575757575757576,2237
0.0007575757575757576,2226
0.0007575757575757576,2221
0.0007575757575757576,2205
0.0007575757575757576,2194
0.0007575757575757576,2182
0.0007575757575757576,2177
0.0007575757575757576,2175
0.0007575757575757576,2174
0.0007575757575757576,2173
0.0007575757575757576,2170
0.0007575757575757576,2155
0.0007575757575757576,2154
0.0007575757575757576,2148
0.0007575757575757576,2143
0.0007575757575757576,2131
0.0007575757575757576,2127
0.0007575757575757576,2126
0.0007575757575757576,2115
0.0007575757575757576,2101
0.0007575757575757576,2097
0.0007575757575757576,2083
0.0007575757575757576,2081
0.0007575757575757576,2079
0.0007575757575757576,2078
0.0007575757575757576,2074
0.0007575757575757576,2069
0.0007575757575757576,2060
0.0007575757575757576,2058
0.0007575757575757576,2055
0.0007575757575757576,2047
0.0007575757575757576,2043
0.0007575757575757576,2030
0.0007575757575757576,2000
0.0007575757575757576,1988
0.0007575757575757576,1986
0.0007575757575757576,1979
0.0007575757575757576,1978
0.0007575757575757576,1975
0.0007575757575757576,1973
0.0007575757575757576,1968
0.0007575757575757576,1967
0.0007575757575757576,1964
0.0007575757575757576,1963
0.0007575757575757576,1958
0.0007575757575757576,1953
0.0007575757575757576,1942
0.0007575757575757576,1925
0.0007575757575757576,1918
0.0007575757575757576,1917
0.0007575757575757576,1914
0.0007575757575757576,1913
0.0007575757575757576,1912
0.0007575757575757576,1901
0.0007575757575757576,1887
0.0007575757575757576,1886
0.0007575757575757576,1882
0.0007575757575757576,1881
0.0007575757575757576,1877
0.0007575757575757576,1870
0.0007575757575757576,1863
0.0007575757575757576,1862
0.0007575757575757576,1857
0.0007575757575757576,1855
0.0007575757575757576,1839
0.0007575757575757576,1838
0.0007575757575757576,1830
0.0007575757575757576,1829
0.0007575757575757576,1813
0.0007575757575757576,1805
0.0007575757575757576,1803
0.0007575757575757576,1800
0.0007575757575757576,1789
0.0007575757575757576,1778
0.0007575757575757576,1766
0.0007575757575757576,1757
0.0007575757575757576,1756
0.0007575757575757576,1754
0.0007575757575757576,1748
0.0007575757575757576,1743
0.0007575757575757576,1734
0.0007575757575757576,1725
0.0007575757575757576,1724
0.0007575757575757576,1711
0.0007575757575757576,1709
0.0007575757575757576,1707
0.0007575757575757576,1693
0.0007575757575757576,1689
0.0007575757575757576,1688
0.0007575757575757576,1677
0.0007575757575757576,1655
0.0007575757575757576,1654
0.0007575757575757576,1652
0.0007575757575757576,1649
0.0007575757575757576,1621
0.0007575757575757576,1607
0.0007575757575757576,1606
0.0007575757575757576,1598
0.0007575757575757576,1589
0.0007575757575757576,1572
0.0007575757575757576,1562
0.0007575757575757576,1549
0.0007575757575757576,1527
0.0007575757575757576,1524
0.0007575757575757576,1519
0.0007575757575757576,1517
0.0007575757575757576,1509
0.0007575757575757576,1501
0.0007575757575757576,1498
0.0007575757575757576,1494
0.0007575757575757576,1483
0.0007575757575757576,1478
0.0007575757575757576,1466
0.0007575757575757576,1449
0.0007575757575757576,1445
0.0007575757575757576,1444
0.0007575757575757576,1440
0.0007575757575757576,1435
0.0007575757575757576,1430
0.0007575757575757576,1427
0.0007575757575757576,1421
0.0007575757575757576,1420
0.0007575757575757576,1419
0.0007575757575757576,1418
0.0007575757575757576,1407
0.0007575757575757576,1406
0.0007575757575757576,1401
0.0007575757575757576,1400
0.0007575757575757576,1398
0.0007575757575757576,1396
0.0007575757575757576,1393
0.0007575757575757576,1390
0.0007575757575757576,1385
0.0007575757575757576,1374
0.0007575757575757576,1372
0.0007575757575757576,1349
0.0007575757575757576,1348
0.0007575757575757576,1347
0.0007575757575757576,1342
0.0007575757575757576,1332
0.0007575757575757576,1319
0.0007575757575757576,1317
0.0007575757575757576,1315
0.0007575757575757576,1313
0.0007575757575757576,1312
0.0007575757575757576,1302
0.0007575757575757576,1279
0.0007575757575757576,1275
0.0007575757575757576,1261
0.0007575757575757576,1257
0.0007575757575757576,1255
0.0007575757575757576,1229
0.0007575757575757576,1216
0.0007575757575757576,1211
0.0007575757575757576,1198
0.0007575757575757576,1190
0.0007575757575757576,1188
0.0007575757575757576,1186
0.0007575757575757576,1172
0.0007575757575757576,1165
0.0007575757575757576,1161
0.0007575757575757576,1150
0.0007575757575757576,1146
0.0007575757575757576,1132
0.0007575757575757576,1129
0.0007575757575757576,1122
0.0007575757575757576,1121
0.0007575757575757576,1117
0.0007575757575757576,1105
0.0007575757575757576,1099
0.0007575757575757576,1086
0.0007575757575757576,1076
0.0007575757575757576,1068
0.0007575757575757576,1066
0.0007575757575757576,1058
0.0007575757575757576,1055
0.0007575757575757576,1051
0.0007575757575757576,1050
0.0007575757575757576,1035
0.0007575757575757576,1024
0.0007575757575757576,1020
0.0007575757575757576,1019
0.0007575757575757576,1017
0.0007575757575757576,1011
0.0007575757575757576,1001
0.0007575757575757576,988
0.0007575757575757576,987
0.0007575757575757576,979
0.0007575757575757576,974
0.0007575757575757576,967
0.0007575757575757576,949
0.0007575757575757576,943
0.0007575757575757576,928
0.0007575757575757576,921
0.0007575757575757576,920
0.0007575757575757576,915
0.0007575757575757576,912
0.0007575757575757576,898
0.0007575757575757576,871
0.0007575757575757576,868
0.0007575757575757576,864
0.0007575757575757576,862
0.0007575757575757576,859
0.0007575757575757576,844
0.0007575757575757576,820
0.0007575757575757576,806
0.0007575757575757576,805
0.0007575757575757576,782
0.0007575757575757576,762
0.0007575757575757576,758
0.0007575757575757576,757
0.0007575757575757576,752
0.0007575757575757576,749
0.0007575757575757576,740
0.0007575757575757576,739
0.0007575757575757576,732
0.0007575757575757576,729
0.0007575757575757576,727
0.0007575757575757576,720
0.0007575757575757576,718
0.0007575757575757576,716
0.0007575757575757576,715
0.0007575757575757576,712
0.0007575757575757576,710
0.0007575757575757576,705
0.0007575757575757576,702
0.0007575757575757576,700
0.0007575757575757576,687
0.0007575757575757576,679
0.0007575757575757576,677
0.0007575757575757576,671
0.0007575757575757576,668
0.0007575757575757576,660
0.0007575757575757576,639
0.0007575757575757576,636
0.0007575757575757576,626
0.0007575757575757576,625
0.0007575757575757576,604
0.0007575757575757576,596
0.0007575757575757576,579
0.0007575757575757576,577
0.0007575757575757576,561
0.0007575757575757576,550
0.0007575757575757576,548
0.0007575757575757576,547
0.0007575757575757576,539
0.0007575757575757576,538
0.0007575757575757576,535
0.0007575757575757576,530
0.0007575757575757576,527
0.0007575757575757576,524
0.0007575757575757576,517
0.0007575757575757576,513
0.0007575757575757576,512
0.0007575757575757576,485
0.0007575757575757576,474
0.0007575757575757576,464
0.0007575757575757576,463
0.0007575757575757576,458
0.0007575757575757576,456
0.0007575757575757576,447
0.0007575757575757576,446
0.0007575757575757576,444
0.0007575757575757576,436
0.0007575757575757576,433
0.0007575757575757576,424
0.0007575757575757576,422
0.0007575757575757576,418
0.0007575757575757576,413
0.0007575757575757576,409
0.0007575757575757576,405
0.0007575757575757576,398
0.0007575757575757576,395
0.0007575757575757576,384
0.0007575757575757576,373
0.0007575757575757576,372
0.0007575757575757576,371
0.0007575757575757576,370
0.0007575757575757576,366
0.0007575757575757576,365
0.0007575757575757576,363
0.0007575757575757576,358
0.0007575757575757576,346
0.0007575757575757576,345
0.0007575757575757576,335
0.0007575757575757576,331
0.0007575757575757576,327
0.0007575757575757576,320
0.0007575757575757576,304
0.0007575757575757576,296
0.0007575757575757576,292
0.0007575757575757576,286
0.0007575757575757576,281
0.0007575757575757576,275
0.0007575757575757576,270
0.0007575757575757576,264
0.0007575757575757576,259
0.0007575757575757576,258
0.0007575757575757576,252
0.0007575757575757576,251
0.0007575757575757576,243
0.0007575757575757576,239
0.0007575757575757576,235
0.0007575757575757576,233
0.0007575757575757576,227
0.0007575757575757576,224
0.0007575757575757576,215
0.0007575757575757576,209
0.0007575757575757576,208
0.0007575757575757576,201
0.0007575757575757576,199
0.0007575757575757576,197
0.0007575757575757576,191
0.0007575757575757576,184
0.0007575757575757576,182
0.0007575757575757576,170
0.0007575757575757576,169
0.0007575757575757576,166
0.0007575757575757576,165
0.0007575757575757576,163
0.0007575757575757576,158
0.0007575757575757576,155
0.0007575757575757576,127
0.0007575757575757576,121
0.0007575757575757576,120
0.0007575757575757576,108
0.0007575757575757576,106
0.0007575757575757576,93
0.0007575757575757576,92
0.0007575757575757576,87
0.0007575757575757576,83
0.0007575757575757576,61
0.0007575757575757576,50
0.0007575757575757576,49
0.0007575757575757576,47
0.0007575757575757576,41
0.0007575757575757576,34
0.0007575757575757576,29
0.0007575757575757576,26
0.0007575757575757576,21
0.0007575757575757576,19
0.0007575757575757576,17
0.0007575757575757576,9
0.0007575757575757576,0
0.0,2618
0.0,2619
0.0,2617
0.0,2616
0.0,2614
0.0,2612
0.0,2611
0.0,2608
0.0,2607
0.0,2602
0.0,2600
0.0,2598
0.0,2597
0.0,2596
0.0,2595
0.0,2594
0.0,2592
0.0,2591
0.0,2590
0.0,2589
0.0,2588
0.0,2587
0.0,2586
0.0,2585
0.0,2584
0.0,2583
0.0,2582
0.0,2581
0.0,2580
0.0,2578
0.0,2577
0.0,2574
0.0,2573
0.0,2572
0.0,2571
0.0,2569
0.0,2568
0.0,2567
0.0,2566
0.0,2565
0.0,2553
0.0,2552
0.0,2551
0.0,2550
0.0,2549
0.0,2548
0.0,2547
0.0,2546
0.0,2544
0.0,2543
0.0,2542
0.0,2541
0.0,2540
0.0,2538
0.0,2537
0.0,2536
0.0,2534
0.0,2533
0.0,2532
0.0,2531
0.0,2530
0.0,2529
0.0,2528
0.0,2525
0.0,2519
0.0,2517
0.0,2506
0.0,2500
0.0,2499
0.0,2498
0.0,2496
0.0,2491
0.0,2487
0.0,2484
0.0,2483
0.0,2482
0.0,2481
0.0,2480
0.0,2477
0.0,2476
0.0,2475
0.0,2473
0.0,2472
0.0,2470
0.0,2468
0.0,2467
0.0,2463
0.0,2462
0.0,2461
0.0,2460
0.0,2457
0.0,2456
0.0,2455
0.0,2454
0.0,2453
0.0,2452
0.0,2451
0.0,2450
0.0,2446
0.0,2444
0.0,2443
0.0,2439
0.0,2437
0.0,2436
0.0,2435
0.0,2433
0.0,2432
0.0,2429
0.0,2428
0.0,2427
0.0,2425
0.0,2424
0.0,2422
0.0,2420
0.0,2418
0.0,2417
0.0,2416
0.0,2415
0.0,2414
0.0,2413
0.0,2411
0.0,2409
0.0,2408
0.0,2407
0.0,2406
0.0,2404
0.0,2403
0.0,2402
0.0,2395
0.0,2394
0.0,2393
0.0,2392
0.0,2390
0.0,2385
0.0,2384
0.0,2382
0.0,2381
0.0,2379
0.0,2378
0.0,2376
0.0,2375
0.0,2373
0.0,2372
0.0,2369
0.0,2368
0.0,2366
0.0,2365
0.0,2364
0.0,2363
0.0,2362
0.0,2361
0.0,2359
0.0,2358
0.0,2356
0.0,2355
0.0,2353
0.0,2348
0.0,2345
0.0,2344
0.0,2342
0.0,2341
0.0,2338
0.0,2337
0.0,2336
0.0,2335
0.0,2334
0.0,2333
0.0,2330
0.0,2329
0.0,2326
0.0,2324
0.0,2323
0.0,2320
0.0,2318
0.0,2317
0.0,2316
0.0,2314
0.0,2313
0.0,2311
0.0,2309
0.0,2308
0.0,2307
0.0,2305
0.0,2304
0.0,2303
0.0,2299
0.0,2298
0.0,2294
0.0,2292
0.0,2291
0.0,2290
0.0,2289
0.0,2287
0.0,2286
0.0,2285
0.0,2284
0.0,2282
0.0,2281
0.0,2280
0.0,2279
0.0,2278
0.0,2277
0.0,2276
0.0,2275
0.0,2274
0.0,2272
0.0,2271
0.0,2269
0.0,2268
0.0,2267
0.0,2266
0.0,2265
0.0,2263
0.0,2262
0.0,2257
0.0,2255
0.0,2254
0.0,2253
0.0,2252
0.0,2251
0.0,2250
0.0,2247
0.0,2245
0.0,2244
0.0,2243
0.0,2239
0.0,2238
0.0,2236
0.0,2235
0.0,2234
0.0,2233
0.0,2232
0.0,2230
0.0,2229
0.0,2228
0.0,2227
0.0,2225
0.0,2224
0.0,2223
0.0,2222
0.0,2220
0.0,2217
0.0,2216
0.0,2215
0.0,2214
0.0,2212
0.0,2211
0.0,2210
0.0,2209
0.0,2208
0.0,2204
0.0,2203
0.0,2201
0.0,2200
0.0,2199
0.0,2198
0.0,2197
0.0,2196
0.0,2195
0.0,2184
0.0,2181
0.0,2180
0.0,2179
0.0,2176
0.0,2171
0.0,2169
0.0,2168
0.0,2167
0.0,2165
0.0,2163
0.0,2162
0.0,2160
0.0,2158
0.0,2153
0.0,2152
0.0,2151
0.0,2150
0.0,2149
0.0,2147
0.0,2146
0.0,2145
0.0,2144
0.0,2142
0.0,2141
0.0,2138
0.0,2136
0.0,2134
0.0,2133
0.0,2132
0.0,2130
0.0,2129
0.0,2128
0.0,2125
0.0,2124
0.0,2123
0.0,2121
0.0,2119
0.0,2117
0.0,2116
0.0,2114
0.0,2113
0.0,2106
0.0,2105
0.0,2103
0.0,2102
0.0,2100
0.0,2099
0.0,2098
0.0,2095
0.0,2094
0.0,2093
0.0,2092
0.0,2091
0.0,2088
0.0,2086
0.0,2085
0.0,2084
0.0,2082
0.0,2080
0.0,2075
0.0,2071
0.0,2070
0.0,2067
0.0,2065
0.0,2064
0.0,2063
0.0,2059
0.0,2056
0.0,2052
0.0,2051
0.0,2050
0.0,2049
0.0,2048
0.0,2045
0.0,2044
0.0,2042
0.0,2034
0.0,2029
0.0,2028
0.0,2027
0.0,2026
0.0,2025
0.0,2024
0.0,2023
0.0,2022
0.0,2019
0.0,2018
0.0,2017
0.0,2015
0.0,2013
0.0,2012
0.0,2011
0.0,2010
0.0,2009
0.0,2008
0.0,2006
0.0,2005
0.0,2004
0.0,2003
0.0,2002
0.0,2001
0.0,1999
0.0,1998
0.0,1994
0.0,1992
0.0,1991
0.0,1990
0.0,1989
0.0,1987
0.0,1985
0.0,1983
0.0,1981
0.0,1977
0.0,1976
0.0,1972
0.0,1971
0.0,1970
0.0,1969
0.0,1965
0.0,1961
0.0,1952
0.0,1951
0.0,1948
0.0,1947
0.0,1946
0.0,1945
0.0,1943
0.0,1941
0.0,1940
0.0,1939
0.0,1938
0.0,1937
0.0,1935
0.0,1934
0.0,1933
0.0,1932
0.0,1930
0.0,1929
0.0,1927
0.0,1926
0.0,1924
0.0,1923
0.0,1921
0.0,1919
0.0,1911
0.0,1910
0.0,1906
0.0,1905
0.0,1899
0.0,1898
0.0,1897
0.0,1896
0.0,1895
0.0,1894
0.0,1893
0.0,1892
0.0,1890
0.0,1889
0.0,1888
0.0,1884
0.0,1883
0.0,1879
0.0,1878
0.0,1876
0.0,1872
0.0,1871
0.0,1869
0.0,1868
0.0,1867
0.0,1866
0.0,1865
0.0,1860
0.0,1859
0.0,1858
0.0,1856
0.0,1854
0.0,1853
0.0,1852
0.0,1851
0.0,1850
0.0,1849
0.0,1848
0.0,1847
0.0,1844
0.0,1843
0.0,1842
0.0,1841
0.0,1837
0.0,1836
0.0,1835
0.0,1834
0.0,1833
0.0,1832
0.0,1827
0.0,1826
0.0,1825
0.0,1824
0.0,1823
0.0,1822
0.0,1821
0.0,1818
0.0,1817
0.0,1815
0.0,1814
0.0,1812
0.0,1811
0.0,1810
0.0,1807
0.0,1806
0.0,1802
0.0,1801
0.0,1799
0.0,1797
0.0,1796
0.0,1795
0.0,1794
0.0,1791
0.0,1790
0.0,1788
0.0,1785
0.0,1782
0.0,1776
0.0,1775
0.0,1774
0.0,1773
0.0,1772
0.0,1771
0.0,1770
0.0,1769
0.0,1767
0.0,1765
0.0,1764
0.0,1763
0.0,1762
0.0,1761
0.0,1760
0.0,1753
0.0,1752
0.0,1751
0.0,1750
0.0,1749
0.0,1747
0.0,1746
0.0,1745
0.0,1742
0.0,1741
0.0,1740
0.0,1739
0.0,1737
0.0,1736
0.0,1733
0.0,1732
0.0,1731
0.0,1729
0.0,1728
0.0,1727
0.0,1723
0.0,1722
0.0,1721
0.0,1718
0.0,1717
0.0,1716
0.0,1715
0.0,1714
0.0,1713
0.0,1712
0.0,1710
0.0,1706
0.0,1705
0.0,1704
0.0,1703
0.0,1702
0.0,1701
0.0,1700
0.0,1699
0.0,1696
0.0,1695
0.0,1694
0.0,1691
0.0,1687
0.0,1686
0.0,1681
0.0,1680
0.0,1679
0.0,1678
0.0,1675
0.0,1673
0.0,1671
0.0,1670
0.0,1669
0.0,1667
0.0,1666
0.0,1665
0.0,1664
0.0,1663
0.0,1661
0.0,1656
0.0,1653
0.0,1650
0.0,1647
0.0,1643
0.0,1642
0.0,1640
0.0,1639
0.0,1638
0.0,1637
0.0,1636
0.0,1635
0.0,1634
0.0,1633
0.0,1631
0.0,1630
0.0,1629
0.0,1628
0.0,1627
0.0,1626
0.0,1625
0.0,1624
0.0,1622
0.0,1620
0.0,1619
0.0,1618
0.0,1617
0.0,1616
0.0,1615
0.0,1614
0.0,1613
0.0,1612
0.0,1611
0.0,1610
0.0,1609
0.0,1608
0.0,1603
0.0,1602
0.0,1600
0.0,1597
0.0,1595
0.0,1594
0.0,1593
0.0,1592
0.0,1591
0.0,1590
0.0,1588
0.0,1587
0.0,1585
0.0,1584
0.0,1583
0.0,1582
0.0,1581
0.0,1580
0.0,1579
0.0,1578
0.0,1577
0.0,1575
0.0,1574
0.0,1573
0.0,1571
0.0,1570
0.0,1569
0.0,1568
0.0,1567
0.0,1566
0.0,1563
0.0,1561
0.0,1560
0.0,1559
0.0,1557
0.0,1556
0.0,1555
0.0,1552
0.0,1551
0.0,1550
0.0,1548
0.0,1547
0.0,1546
0.0,1543
0.0,1542
0.0,1541
0.0,1540
0.0,1539
0.0,1538
0.0,1537
0.0,1536
0.0,1535
0.0,1534
0.0,1533
0.0,1532
0.0,1531
0.0,1530
0.0,1529
0.0,1528
0.0,1523
0.0,1521
0.0,1520
0.0,1518
0.0,1516
0.0,1515
0.0,1511
0.0,1503
0.0,1502
0.0,1500
0.0,1499
0.0,1497
0.0,1495
0.0,1492
0.0,1490
0.0,1487
0.0,1484
0.0,1482
0.0,1481
0.0,1475
0.0,1474
0.0,1473
0.0,1470
0.0,1467
0.0,1465
0.0,1464
0.0,1463
0.0,1462
0.0,1461
0.0,1459
0.0,1458
0.0,1457
0.0,1455
0.0,1454
0.0,1453
0.0,1452
0.0,1451
0.0,1450
0.0,1447
0.0,1446
0.0,1443
0.0,1442
0.0,1441
0.0,1439
0.0,1438
0.0,1437
0.0,1436
0.0,1432
0.0,1431
0.0,1426
0.0,1423
0.0,1416
0.0,1414
0.0,1413
0.0,1411
0.0,1410
0.0,1408
0.0,1403
0.0,1402
0.0,1399
0.0,1397
0.0,1395
0.0,1394
0.0,1391
0.0,1388
0.0,1387
0.0,1382
0.0,1381
0.0,1380
0.0,1379
0.0,1378
0.0,1377
0.0,1373
0.0,1371
0.0,1370
0.0,1369
0.0,1367
0.0,1366
0.0,1365
0.0,1364
0.0,1363
0.0,1362
0.0,1361
0.0,1360
0.0,1359
0.0,1358
0.0,1357
0.0,1356
0.0,1355
0.0,1354
0.0,1353
0.0,1352
0.0,1351
0.0,1350
0.0,1346
0.0,1345
0.0,1344
0.0,1343
0.0,1341
0.0,1340
0.0,1339
0.0,1337
0.0,1336
0.0,1334
0.0,1333
0.0,1331
0.0,1330
0.0,1328
0.0,1327
0.0,1325
0.0,1324
0.0,1320
0.0,1318
0.0,1316
0.0,1314
0.0,1311
0.0,1308
0.0,1307
0.0,1306
0.0,1305
0.0,1304
0.0,1303
0.0,1300
0.0,1299
0.0,1298
0.0,1296
0.0,1294
0.0,1293
0.0,1292
0.0,1291
0.0,1290
0.0,1289
0.0,1287
0.0,1286
0.0,1284
0.0,1283
0.0,1281
0.0,1280
0.0,1277
0.0,1276
0.0,1274
0.0,1272
0.0,1270
0.0,1268
0.0,1267
0.0,1266
0.0,1265
0.0,1264
0.0,1263
0.0,1262
0.0,1260
0.0,1259
0.0,1258
0.0,1256
0.0,1254
0.0,1253
0.0,1251
0.0,1250
0.0,1249
0.0,1248
0.0,1245
0.0,1243
0.0,1242
0.0,1241
0.0,1240
0.0,1239
0.0,1238
0.0,1237
0.0,1236
0.0,1235
0.0,1234
0.0,1233
0.0,1232
0.0,1231
0.0,1230
0.0,1228
0.0,1227
0.0,1226
0.0,1224
0.0,1223
0.0,1222
0.0,1221
0.0,1220
0.0,1215
0.0,1214
0.0,1213
0.0,1212
0.0,1209
0.0,1208
0.0,1207
0.0,1206
0.0,1205
0.0,1204
0.0,1202
0.0,1200
0.0,1199
0.0,1197
0.0,1196
0.0,1194
0.0,1193
0.0,1192
0.0,1191
0.0,1187
0.0,1185
0.0,1182
0.0,1179
0.0,1178
0.0,1177
0.0,1176
0.0,1175
0.0,1174
0.0,1173
0.0,1171
0.0,1170
0.0,1169
0.0,1168
0.0,1167
0.0,1166
0.0,1164
0.0,1163
0.0,1162
0.0,1157
0.0,1156
0.0,1154
0.0,1151
0.0,1148
0.0,1147
0.0,1145
0.0,1144
0.0,1143
0.0,1142
0.0,1141
0.0,1140
0.0,1139
0.0,1138
0.0,1136
0.0,1134
0.0,1133
0.0,1131
0.0,1130
0.0,1128
0.0,1127
0.0,1126
0.0,1125
0.0,1123
0.0,1120
0.0,1119
0.0,1116
0.0,1115
0.0,1114
0.0,1112
0.0,1111
0.0,1110
0.0,1108
0.0,1103
0.0,1102
0.0,1101
0.0,1100
0.0,1098
0.0,1097
0.0,1096
0.0,1095
0.0,1094
0.0,1093
0.0,1092
0.0,1091
0.0,1090
0.0,1089
0.0,1088
0.0,1087
0.0,1085
0.0,1084
0.0,1083
0.0,1081
0.0,1080
0.0,1079
0.0,1078
0.0,1077
0.0,1075
0.0,1072
0.0,1071
0.0,1070
0.0,1069
0.0,1065
0.0,1064
0.0,1062
0.0,1060
0.0,1059
0.0,1057
0.0,1056
0.0,1054
0.0,1053
0.0,1052
0.0,1048
0.0,1047
0.0,1045
0.0,1044
0.0,1042
0.0,1041
0.0,1040
0.0,1038
0.0,1037
0.0,1036
0.0,1034
0.0,1033
0.0,1032
0.0,1031
0.0,1030
0.0,1029
0.0,1026
0.0,1025
0.0,1021
0.0,1018
0.0,1016
0.0,1015
0.0,1013
0.0,1012
0.0,1010
0.0,1009
0.0,1008
0.0,1006
0.0,1005
0.0,1004
0.0,1003
0.0,1002
0.0,1000
0.0,998
0.0,997
0.0,995
0.0,994
0.0,993
0.0,992
0.0,991
0.0,990
0.0,989
0.0,986
0.0,982
0.0,981
0.0,980
0.0,978
0.0,977
0.0,976
0.0,975
0.0,973
0.0,972
0.0,971
0.0,970
0.0,969
0.0,968
0.0,965
0.0,964
0.0,963
0.0,962
0.0,961
0.0,960
0.0,959
0.0,958
0.0,957
0.0,956
0.0,955
0.0,954
0.0,952
0.0,951
0.0,950
0.0,948
0.0,945
0.0,938
0.0,937
0.0,936
0.0,935
0.0,934
0.0,933
0.0,931
0.0,930
0.0,927
0.0,926
0.0,925
0.0,924
0.0,919
0.0,918
0.0,917
0.0,916
0.0,914
0.0,913
0.0,910
0.0,909
0.0,908
0.0,907
0.0,906
0.0,905
0.0,903
0.0,902
0.0,900
0.0,899
0.0,897
0.0,895
0.0,894
0.0,893
0.0,891
0.0,890
0.0,888
0.0,887
0.0,886
0.0,885
0.0,884
0.0,881
0.0,880
0.0,879
0.0,877
0.0,876
0.0,875
0.0,874
0.0,872
0.0,870
0.0,867
0.0,866
0.0,865
0.0,863
0.0,861
0.0,860
0.0,858
0.0,857
0.0,854
0.0,853
0.0,852
0.0,851
0.0,850
0.0,847
0.0,845
0.0,843
0.0,842
0.0,841
0.0,840
0.0,839
0.0,838
0.0,837
0.0,836
0.0,835
0.0,834
0.0,829
0.0,828
0.0,827
0.0,825
0.0,824
0.0,822
0.0,817
0.0,816
0.0,815
0.0,814
0.0,813
0.0,812
0.0,811
0.0,809
0.0,807
0.0,804
0.0,803
0.0,802
0.0,801
0.0,800
0.0,799
0.0,797
0.0,796
0.0,794
0.0,793
0.0,790
0.0,788
0.0,786
0.0,785
0.0,784
0.0,783
0.0,779
0.0,776
0.0,775
0.0,773
0.0,772
0.0,771
0.0,769
0.0,768
0.0,767
0.0,766
0.0,765
0.0,764
0.0,761
0.0,760
0.0,759
0.0,756
0.0,754
0.0,748
0.0,747
0.0,746
0.0,743
0.0,742
0.0,741
0.0,738
0.0,737
0.0,736
0.0,735
0.0,734
0.0,733
0.0,731
0.0,730
0.0,726
0.0,725
0.0,723
0.0,722
0.0,721
0.0,719
0.0,717
0.0,714
0.0,713
0.0,711
0.0,709
0.0,708
0.0,707
0.0,706
0.0,704
0.0,703
0.0,699
0.0,696
0.0,695
0.0,694
0.0,693
0.0,692
0.0,691
0.0,690
0.0,688
0.0,686
0.0,685
0.0,681
0.0,680
0.0,678
0.0,676
0.0,675
0.0,674
0.0,673
0.0,672
0.0,670
0.0,667
0.0,666
0.0,665
0.0,664
0.0,663
0.0,651
0.0,650
0.0,646
0.0,645
0.0,642
0.0,634
0.0,631
0.0,628
0.0,627
0.0,623
0.0,622
0.0,620
0.0,618
0.0,617
0.0,608
0.0,607
0.0,605
0.0,603
0.0,599
0.0,593
0.0,592
0.0,591
0.0,590
0.0,589
0.0,587
0.0,582
0.0,580
0.0,578
0.0,574
0.0,570
0.0,566
0.0,558
0.0,555
0.0,552
0.0,551
0.0,540
0.0,536
0.0,534
0.0,533
0.0,532
0.0,531
0.0,520
0.0,514
0.0,511
0.0,509
0.0,508
0.0,505
0.0,497
0.0,495
0.0,493
0.0,492
0.0,490
0.0,489
0.0,488
0.0,487
0.0,480
0.0,478
0.0,475
0.0,473
0.0,472
0.0,471
0.0,465
0.0,462
0.0,461
0.0,453
0.0,451
0.0,449
0.0,443
0.0,442
0.0,440
0.0,431
0.0,427
0.0,426
0.0,425
0.0,412
0.0,411
0.0,410
0.0,408
0.0,407
0.0,406
0.0,404
0.0,403
0.0,402
0.0,394
0.0,393
0.0,392
0.0,390
0.0,388
0.0,383
0.0,380
0.0,379
0.0,377
0.0,375
0.0,374
0.0,368
0.0,367
0.0,362
0.0,359
0.0,355
0.0,352
0.0,343
0.0,342
0.0,341
0.0,340
0.0,339
0.0,337
0.0,332
0.0,328
0.0,326
0.0,325
0.0,321
0.0,319
0.0,316
0.0,315
0.0,314
0.0,313
0.0,303
0.0,302
0.0,299
0.0,298
0.0,293
0.0,289
0.0,287
0.0,285
0.0,283
0.0,282
0.0,278
0.0,273
0.0,271
0.0,267
0.0,265
0.0,257
0.0,248
0.0,242
0.0,241
0.0,238
0.0,234
0.0,231
0.0,226
0.0,225
0.0,216
0.0,213
0.0,212
0.0,211
0.0,203
0.0,202
0.0,200
0.0,196
0.0,195
0.0,194
0.0,188
0.0,186
0.0,183
0.0,181
0.0,180
0.0,174
0.0,171
0.0,168
0.0,167
0.0,153
0.0,150
0.0,148
0.0,146
0.0,143
0.0,141
0.0,133
0.0,131
0.0,130
0.0,125
0.0,124
0.0,123
0.0,122
0.0,116
0.0,110
0.0,107
0.0,103
0.0,102
0.0,101
0.0,99
0.0,97
0.0,95
0.0,94
0.0,91
0.0,82
0.0,79
0.0,78
0.0,77
0.0,72
0.0,71
0.0,69
0.0,68
0.0,67
0.0,66
0.0,65
0.0,64
0.0,62
0.0,57
0.0,56
0.0,55
0.0,54
0.0,53
0.0,51
0.0,45
0.0,43
0.0,42
0.0,38
0.0,37
0.0,36
0.0,33
0.0,31
0.0,30
0.0,24
0.0,23
0.0,22
0.0,20
0.0,16
0.0,13
0.0,12
0.0,11
0.0,10
0.0,8
0.0,7
0.0,6
0.0,5
0.0,2
0.0,1
